{
  "timestamp": 1774324308.7311413,
  "config": "bench/tun-benchmark.yaml",
  "duration": 10,
  "environment": {
    "os": {
      "system": "Linux",
      "release": "6.6.87.2-microsoft-standard-WSL2",
      "version": "#1 SMP PREEMPT_DYNAMIC Thu Jun  5 18:30:46 UTC 2025",
      "machine": "x86_64",
      "processor": ""
    },
    "cpu": "AMD Ryzen 9 9950X3D 16-Core Processor",
    "cpu_cores": 32,
    "memory_gb": 45.89,
    "interfaces": [
      {
        "name": "eth0",
        "speed_mbps": 10000
      }
    ],
    "kernel": "6.6.87.2-microsoft-standard-WSL2"
  },
  "baseline": {
    "throughput_bps": 91922585788.2115,
    "throughput_gbps": 91.9225857882115,
    "bytes_transferred": 114918686720,
    "retransmits": 2,
    "duration_seconds": 10.001345
  },
  "tun": {
    "throughput_bps": 6484835499.218761,
    "throughput_gbps": 6.484835499218762,
    "bytes_transferred": 8107720704,
    "retransmits": 0,
    "duration_seconds": 10.002068
  },
  "comparison": {
    "baseline_gbps": 91.9225857882115,
    "tun_gbps": 6.484835499218762,
    "regression_percent": 92.94532954701717,
    "overhead_percent": 92.94532954701717
  }
}